1160,NORWEST BANK RENT DEPOSITS
1165,REPUBLIC BANK OF NORMAN
1170,VECTRA BANK
1180,COMERICA SECURITY DEP
1185,COMERICA TAX IMPOUND CKING
1195,COMERICA CORPORATE
1200,NATIONS BANK MM
1205,NATIONS BANK CAP IMP CKING
1210,NATIONS BANK CAP IMP MM
1215,NATIONS BANK ESCROW ACCT
1147,HERITAGE BANK
1220,BANK OF AMERICA BANK REHAB
1277,COMERICA MM / SIDING
1152,PEAK NATIONAL BANK
1154,PUEBLO BANK
1221,OWNER DISTRIBUTION CHK
1110,COMERICA OPERATING ACCT
1115,HEALTH INSURANCE CHECKING
1120,Receipt Wash
1125,US BANK CHECKING
1130,FLEX SPENDING ACCOUNT
1135,LENDER REQ BANK ACCOUNT
1140,GEN LIABILITY CLAIM CHECKING
1145,INSURANCE PROCEEDS
1150,KEY BANK
1155,BANK OF AMERICA RENT DEPOSITS
1175,MONEY MARKET ACCT
1190,IMPOUND MMA
1275,REPLACEMENT RESERVE SAVINGS
1167,US BANK
1276,REFINANCE RESERVE ESCROW
1112,KEY BANK CHECKING ACCT
1113,401K MATCH BANK ACCOUNT
1172,WELLS FARGO BANK
1118,LOCKBOX ACCOUNT
1111,FIRST REPUBLIC BANK
1156,SAVINGS ACCOUNT
1114,OPERATING ACCOUNT
1222,INSURANCE ESCROW SAVINGS ACCOUNT
1223,CAPITAL IMPROVEMENT SAVINGS
1337,INSURANCE LOSS CHECKING
1117,SECURITY DEPOSIT ACCT
1289,CASH RESERVES
1119,PAYROLL BANK ACCOUNT
1123,MIMG TRANSPORTATION CHECKING
1124,MEPP OPERATING ACCT
1121,FIRST BANK & TRUST
1116,CLEARING ACCOUNT
1122,GRAND RAPIDS OFFICE ACCT
1224,INSURANCE WAIVER FUNDS
1126,MI CLOCKTOWER ACCT
1136,LAUNDRY INCOME BANK ACCT
1127,HANGER 6 OPERATING ACCT
1305,EICHLER INSURANCE IMPOUND
2140,N/P BEAR VALLEY VILLAGE
2146,N/P CAMELOT CLUB
2150,N/P DESERT MIRAGE
2160,N/P JEFFERSON COURT
2164,N/P-SPANISH GATE
2166,N/P-SUMMIT TOWER
6168,OTHER FIXED ADMINISTRATIVE
6200,DEL-SAN FRANCISCO/FPI
6202,DEL- FLOWERS
6204,DEL-FURNITURE/EQUIP LEASE
6206,DEL-MARKETING/PROMOTIONS
6212,DEL-POSTAGE
6214,DEL-PRINTING/FORMS
6216,DEL-SECRETARIAL
6218,DEL-SUPPLIES
6265,DEL-SF OFFICE EXPENSE
6865,OTHER EXTERIOR / CAM EXP
7100,EXTRAORDINARY EXPENSES
7202,MILEAGE/TRAVEL REIMBURSEMENTS
7204,TRAVEL - DAVID
7206,TRAVEL - GRUNERT
7208,TRAVEL - HEIMBIGNER
7210,TRAVEL - OLSON
7212,TRAVEL - SHEPHARD
7214,TRAVEL - TAYLOR
6220,DEL-TELEPHONE
5127,INVESTMENT INCOME - BEAR
6118,SUSPENSE
2172,N/P-REGENT HOUSE
2173,N/P-BAYWINDS
5176,COMMERCIAL RENTAL
5302,COMMUNITY INVEST GROUP
5308,EAGLES LANDING
5312,GILROY BETTER HOUSING
5316,HIDDEN CREEK APTS
5318,JEFFERSON COURT
5324,SUMMIT TOWER
5330,VILLAGE GREEN
5177,VENDOR REFUNDS
2174,N/P-EAGLES LANDING
2175,N/P-COPPER RIDGE
1327,GEMSA  R. E. TAX ESCROW
6346,TRAVEL - GRUNERT
6348,TRAVEL - HEIMBIGNER
6352,TRAVEL - OLSON
6354,TRAVEL - SHEPHARD
6356,TRAVEL - TAYLOR
6172,ACCOUNTING FEE - den/fpi
6173,BANK CHARGES den/fpi
6174,COMERICA CR LINE den/fpi
6175,GROSS PAYROLL den/fpi
6176,BONUS WAGES den/fpi
6177,ADMINISTRATIVE FEE den/fpi
6178,EMPLOYER TAXES den/fpi
6179,WORKMANS COMP den/fpi
6180,HEALTH INSURANCE den/fpi
6181,EMP/INVESTOR RELATIONS den/fpi
6182,MILEAGE den/fpi
6183,TRAVEL den/fpi
6184,un-used expense account
6185,OFFICE SUPPLIES den/fpi
6186,OFFICE EQUIPMEN den/fpiT
6187,POSTAGE - FED EX den/fpi
6190,OWNER MGMT FEE den/fpi
6275,GROSS WAGES ok/fpi
6276,BONUS WAGES of/fpi
6277,ADMINISTRATIVE FEE of/fpi
6278,EMPLOYER TAXES of/fpi
6279,WORKMANS COMP ok/fpi
6280,HEALTH INSURANCE ok/fpi
6281,EMPLOYEE RELATIONS ok/fpi
6282,MILEAGE REIMBURSEMENT ok/fpi
6283,TRAVEL ok/fpi
6284,LEGAL / PROFESSIONAL ok/fpi
6285,OFFICE SUPPLIES ok/fpi
6286,OFFICE EQUIPMENT ok/fpi
6287,POSTAGE / FED EX ok/fpi
6377,ADMINISTRATIVE FEE fin/fpi
6378,EMPLOYER TAXES fin/fpi
6379,WORKMANS COMP fin/fpi
6382,MILEAGE fin/fpi
6384,LEGAL & PROF SERVICES  fin/fpi
6188,TELEPHONE den/fpi
6288,TELEPHONE ok/fpi
6388,TELEPHONE fin/fpi
5304,COMMUNITY INC
6266,DEL-ADVANCED ASSET
1330,WILSON CANTWELL INS ESCROW
1332,WILSON CANTWELL RE TAX ESCROW
5332,SUMMIT TOWER CORP
1328,L.J. MELODY CAPITAL IMP ESCROW
7114,SUPPLIES
1311,EICHLKER REPLACEMENT (2ND)
7310,INTEREST - REGENT HOUSE
6120,DIRECTORS FEE
2177,N/P-CALDWELL BANKERS-EL/TIC
5142,LEASE IMPROVEMENTS REIMBURSED
1282,CASH - EAGLES LANDING
1284,RESERVES - EAGLES LANDING
2178,N/P-SPIRA (ANDREA)
6198,NEW ACQUISITION EXP
5128,INVESTMENT INCOME - EAGLES
2179,ADVANCES - EL/TIC
1176,COMERICA MM (VG)
1334,GREYSTONE RE TAX ESCROW
1335,GREYSTONE INSURANCE ESCROW
1336,GREYSTONE REPLACEMENT ESCROW
8501,DEPRECIATION EXPENSE - EL
5189,SHARE PROFIT - EAGLES LANDING
5266,SPANISH GATE INVESTMENT
5262,EAGLES LANDING INVESTMENT
5269,HIGHLINE TERRACE INVESTMENT
5305,FIRST PACIFIC MGT
3671,Saltenberger W. & P.
5209,CANON INN & INVESTEMENTS LLC
1440,INVENTORY - FOOD
1441,INVENTORY - LIQUOR
3007,FIRST REPUBLIC BANK - NP LOAN
5303,COURTYARD INVESTMENTS LLC
5101,ACKNOWLEDGEMENT FEES
6403,HR ADMIN
4524,CASTILLO AURELIA
7303,DEL-ACCRUED INTEREST
5319,MESA RIDGE
5320,PUEBLO VILLAS
5331,VISTA DEL SOL
5317,LA VIDA BUENA
4998,OPERATING INCOME
5323,SPRING CREEK
5307,ARBOR LAKE
5309,FOREST POINT
5329,VS INVESTMENTS
5340,WYOMING PLACE
1278,MERRILL LYNCH CD
5315,ESPERANZA VILLAGE
4997,EXCESS RENT - SEC 236
2532,SEC 236 EXCESS INCOME
6525,DO NOT USE  LEASING TRAINING
6358,"""DO NOT USE"""
7007,DOORS EXTERIOR REHAB/REPLACEMENT
6395,ENTERTAIINMENT
6396,FOOD AND BEVERAGE
6397,TRAVEL
7451,SP SUPPLIES COVID-19
1280,PETTY CASH
1340,RESIDUAL RECEIPTS ESCROW
1310,EICHLER REPLACEMENT RESERVE
1315,DEBT SERVICE RESERVE
1320,CAPITAL IMP RESERVE
1325,REAL ESTATE TAX ESCROW
1350,UTILITY DEPOSITS
1401,ACCOUNTS RECEIVABLE
1450,N/R - COUNTRY CLUB VILLAS TX
1502,AMORTIZATION - LOAN FEES      
1504,LAND                          
1506,BUILDINGS                     
1508,REHABILITATION COSTS          
1510,CAPITAL IMPROVEMENTS          
1512,APPLIANCES                    
1514,FURNITURE & FIXTURES          
1516,AUTOMOBILE                    
1518,ACQUISITION COSTS             
1520,LOAN FEES                     
1522,ACCUMULATED DEPRECIATION
2102,AMERICAN SAVINGS              
2104,BANK OF AMERICA               
2106,BAYVIEW FEDERAL               
2108,CCRC                          
2110,CITY OF SALINAS               
2112,COMERICA BANK                 
2114,EICHLER FAYNE & ASSOC         
2116,GMAC                          
2118,NATIONS BANK                  
2122,WESTERN BANK                  
2124,WYNWOOD AGENCY                
2126,N/P-OLSON (COMERICA)
2128,N/P-OLSON (HARRIMAN)
2130,N/P-OLSON (JOHNSON)
2132,N/P-OLSON (JHO)
2136,N/P-APPLE CREEK
2138,N/P-ARBOR LAKE
2142,N/P-BRENTWOOD FOREST
2148,N/P-COMMUNITY INVESTMENT GROUP
2152,N/P-FOREST POINTE
2154,N/P-FOX HILL
2156,N/P-GILROY BETTER HOUSING
2158,N/P-HIDDEN CREEK
2162,N/P-OLD ALBANY
2168,N/P-VILLAGE GREEN CORP.
2170,N/P-WESTERN TERRACE
2502,ACCOUNTS PAYABLE
2504,SECURITY DEPOSITS
2506,INSURANCE PAYABLE
2508,REAL ESTATE TAXES PAYABLE     
4930,RETAINED EARNINGS
3002,WASHINGTON MUTUAL
3004,BANK OF AMERICA
3006,BAYVIEW FEDERAL
3008,CCRC
3010,CITY OF SALINAS               
3012,COMERICA BANK
3014,ALLIANT
3016,BERKADIA
3018,BANK OF AMERICA BANK
3020,ST. PAUL FEDERAL BANK
3022,WESTERN BANK
3024,WYNWOOD AGENCY
3026,CROCKETT SID
3028,DAVIS WILLIAM
3030,GROSS MARION
3032,JACOBS MIKE TIC
3034,KAHN IMDAD
3036,OLSON HERBET
3038,OLSON JON (COMERICA)
3040,OLSON JON (HARRIMAN)
3042,OLSON JON (JOHNSON)
3044,SPIRA TRUST                   
3046,TAYLOR AMBER
3048,TAYLOR DIANNA
3050,TAYLOR JEFF
3052,THOMAS JAMES
3500,CAPITAL CONTRIBUTIONS
4500,CAPITAL DISTRIBUTIONS
5006,TENANT RENT
5010,HAP VOUCHER RENT
5039,Less NSFS
5105,APPLICATION FEES              
5110,BAD DEBT RECOVERY             
5115,CABLE TV/INTERNET
5120,DAMAGE REIMBURSEMENT
5125,INTEREST INCOME               
5130,OTHER MISCELLANEOUS INCOME
5135,LAUNDRY INCOME
5140,LEASE TERMINATION
5145,LEGAL FEES                    
5150,MONTH-TO-MONTH                
5155,NSF FEES INCOME
5160,PARKING INCOME
5165,PET FEE / RENT                
5170,UTILITIES REIM
5175,VENDING MACHINES              
5180,OTHER INCOME                  
5202,COMMODORE PERRY
5204,CAMELOT PLACE
5206,CHELSEA PARK
5208,CITY LIMITS
5210,CONCORDE CLUB
5212,CROWN POINTE
5214,EASTLAND
5216,EXECUTIVE TOWER
5218,HIDDEN COVE
5220,FOX HILL                      
5222,GATEWAY TOWNHOMES
5224,INTERSTATE APARTMENTS
5226,KNOLLWOOD
5228,TIFFANY WOODS
5230,THREE RIVERS
5232,SHORELINE LANDING
5234,VILLAGE GREEN
5236,WEST TECH LOFTS
6102,ACCOUNTING FEES               
6104,AUTO INSURANCE                
6106,CORPORATE DISTRIBUTION        
6108,INSURANCE EXPENSE             
6110,INSURANCE - FLOOD             
6112,MANAGEMENT FEE                
6114,INSURANCE- LIFE
6116,REAL ESTATE TAXES             
6325,OFFICE LEASE
6335,PARKING FEES
6302,ADMIN ADVERTISING
6304,AUTO LEASE / PAYMENTS         
6306,AUTO MAINTENANCE              
6308,BANK CHARGES                  
6310,CONSULTING SERVICE            
6312,CREDIT / BACKGROUND CHECKS    
6314,CORPORATE APARTMENT           
6316,EDUCATION / DUES              
6318,EMPLOYEE RELATIONS            
6320,LEGAL SERVICES                
6322,LEGAL - EVICTIONS             
6324,LICENSES / MINOR TAXES        
6326,OFFICE EQUIPMENT LEASE        
6328,OFFICE EQUIPMENT PURCHASES    
6330,OFFICE EQUIPMENT REPAIRS      
6332,OFFICE SUPPLIES               
6334,POSTAGE / FED-EX              
6336,ADMINISTRATIVE PRINT/FORMS
6338,RELOCATION EXPENSE
6340,STORAGE RENTAL                
6365,OTHER ADMINISTRATIVE EXP      
6402,ADMINISTRATIVE GROSS WAGES    
6404,MAINTENANCE GROSS WAGES       
6406,COURTESY PATROL WAGES         
6408,BONUS                         
6410,COMMISSIONS                   
6412,OVER-TIME  GROSS WAGES        
6414,CONTRACT LABOR                
6416,ADMINISTRATIVE FEE            
6418,EMPLOYER PAYROLL TAXES        
6420,WORKERS COMP
6422,MEDICAL INSURANCE             
6424,DRUG / BACKGROUND / NEW HIRE
6502,ADVERTISING - ILS
6504,ADVERTISING - PRINT
6506,ADVERTISING - LOCAL VENDORS
6508,APARTMENT LOCATORS            
6511,MODEL APARTMENT
6512,MODEL FURNITURE               
6514,MARKETING COLLATERAL
6516,RESIDENT / PUBLIC RELATIONS   
6518,MARKETING - SIGNAGE
6565,OTHER MARKETING               
6602,CABLE TV                      
6604,ELECTRIC - COMMON             
6606,ELECTRIC - VACANTS            
6608,GAS - COMMON                  
6610,GAS - VACANTS                 
6612,PAGERS                        
6614,SEWER / STORM DRAINS          
6616,TELEPHONE - CELLULAR
6618,TELEPHONE - OFFICE            
6620,TRASH                         
6622,WATER                         
6665,OTHER UTILITY                 
6702,APPLIANCE PARTS/SMALL APPLIANCES
6704,DRAPES/BLINDS
6706,CARPET CLEANING SUPPLIES
6708,DOORS/SUPPLIES (INTERIOR/ENTRY)
6710,ELECTRICAL (INTERIOR/EXTERIOR)
6712,EQUIPMENT REPAIRS
6714,EQUIPMENT PURCHASES - NEW
6716,EXTERMINATING SUPPLIES        
6718,FIRE / SAFETY SUPPLIES
6720,HVAC / BOILER SUPPLIES        
6722,JANITORIAL SUPPLIES           
6724,LANDSCAPING SUPPLIES          
6726,LOCKS / KEYS                  
6728,PAINT / DRYWALL               
6730,PLUMBING SUPPLIES             
6732,UNIFORMS                      
6734,POOL / REC SUPPLIES           
6736,WINDOWS                       
6765,OTHER SUPPLIES                
6802,CONCRETE REPAIRS              
6804,DOORS (EXTERIOR / CAM)        
6806,FENCING                       
6808,GUTTERS / DOWN SPOUTS         
6810,LIFT STATION                  
6812,PARKING / DRIVEWAYS           
6814,ROOF REPAIRS                  
6816,SIGNAGE/MAINTENANCE
6818,SNOW REMOVAL                  
6820,STAIR / BANISTERS             
6822,STRUCTURE IMPROVEMENTS        
6902,ALARM SERVICE                 
6904,ANSWERING SERVICE             
6906,BOILER CONTRACTOR             
6908,CARPET CLEANING/REPAIRS CONTRACTOR
6910,COURTESY PATROL/SECURITY
6912,DRAPE / BLINDS CONTRACTOR
6914,ELECTRICAL CONTRACTOR         
6916,ELEVATOR SERVICE              
6918,EXTERMINATING CONTRACTOR
6920,HVAC CONTRACTOR               
6922,JANITORIAL CONTRACTOR
6924,LANDSCAPING CONTRACTOR
6926,PAINTING CONTRACTOR           
6928,PLUMBING CONTRACTOR           
6930,POOL CONTRACTOR
6932,ROOFING CONTRACTOR            
6934,SNOW REMOVAL CONTRACTOR
6936,WINDOWS CONTRACTOR
6965,OTHER CONTRACTORS             
7002,RR - APPLIANCES
7004,RR - CABINETS/COUNTERTOPS
7006,RR - CARPET/VINYL
7008,RR - DOORS(INTERIOR/ENTRY)
7010,RR - DRAPES/BLINDS 
7012,RR - ELECTRICAL FIXTURES
7014,RR - HVAC/BOILER
7016,RR - PLUMBING FIXTURES
7300,GENERAL INTEREST EXPENSE
8500,DEPRECIATION EXPENSE
6905,APPLIANCE REPAIR CONTRACTOR
6309,COLLECTION FEES
5118,COMMERCIAL RENT
6824,OTHER EXTERIOR/CAM EXP.       
4940,PRIOR YEAR RETAINED EARNINGS
2151,N/P-FIRST PACIFIC INVESTMENTS
1348,PREPAID INSURANCE
1346,PREPAYMENTS
3041,REGENT HOUSE                  
2117,LINE OF CREDIT
2120,N/P-NICOLLS ROBERT
1517,BASIS ADJ - SPIRA             
1521,LESS BASIS ACCUM DEPRECIATION 
1360,HUD CONTRACT
3043,SPIRA JOSHUA
3054,APTOS OFFICE                  
5152,DEPOSITS FORFEITURE
1322,INSURANCE ESCROW
8600,COMMERCIAL AMORT/DEPR
2507,INTEREST PAYABLE              
5322,SLAVIN RESIDENTIAL
5168,TRANSFER FEE
5103,ALARM FEE
2510,MANAGEMENT FEE PAYABLE        
1351,ADVANCE - MORRISSEY
1352,ADVANCE - OLSON
1353,ADVANCE - NICOLLS
3849,SOLD PROP CAPITAL CONTRA
1380,INVESTMENT - STONEBRIDGE
6413,EMPLOYEE RENT                 
5217,EAGLES POINT
1410,A/R MOUNTAINEER VILLAGE
1412,A/R ARBOR LAKE
2134,N/P-OLSON (PAMELLA)
1312,COMPLETION RESERVE
3056,GEMSA Loan Services LP
3058,WESTERN TERRACE (2ND)         
3060,HIDDEN CREEK                  
1452,N/R - JON OLSON
1454,N/R - STAGECOACH CO
2512,REPAIR/DEFERRED MAINT. INCURRED
2503,UNEARNED INCOME               
1329,INTEREST RATE RESERVE  ESCROW
7325,SP GENERAL
6342,MILEAGE REIMBURSEMENTS
6344,INVESTMENT FUND EXPENSES
6350,THIRD PARTY BILLING
6375,ANNUAL INVESTOR MEETING
6376,ANALYST BOOTCAMP
6380,ANNUAL MANAGEMENT MEETING
6381,ANNUAL REGIONAL/PORTFOLIO EVENTS
6383,HOLIDAY PARTY
6385,INDUSTRY CONFERENCES
6386,MAINTENANCE BOOTCAMP
6387,PROPERTY MANAGER BOOTCAMP
5215,EDEN PARK
2176,N/P-COMMUNITY INVEST INC
4920,SUSPENSE
3062,WILSON CANTWELL & MOODY
3015,EF&A- Western Terrace
2505,PERSONAL PROP TAX PAYABLE
1349,PREPAID CAM CHARGES
6115,CAM EXPENSE
1414,A/R VISA
3063,C.R.NICOLLS
1455,N/R - EDGE AT ARLINGTON
5238,STONEBRIDGE
1326,L.J. MELODY TENANT IMP ESCROW
1416,A/R TITLE CO ESCROW
2514,A/P DISTRIBUTIONS             
7326,SP  APPLIANCES                
7328,SP CARPETS/VINYL
7330,SP HVAC
7332,SP LABOR                      
7334,SP LANDSCAPING                
7336,SP PAINTING - EXTERIOR
7338,SP PARKING                    
7340,SP SUPPLIES                   
7342,SP OTHER EXPENSES             
7348,SP SECURITY CAMERA
5240,STONE GROVE
3064,SUMMIT TOWER L.P.             
1456,N/R - FAIRFIELD (MI)
1354,ADVANCE - WESTERN TERRACE
3848,CAPITAL INVESTMENT
1355,ADVANCES - ROCKBOROUGH
3065,COPPER RIDGE (WT CAP RES)     
5179,GAIN ON SALE OF PROPERTY
1458,N/R - COLUMBIA 4 PORTFOLIO
1470,N/R - STONE GROVE
3025,WYNWOOD LOAN #2
1347,PREPAID FLOOD INSURANCE
3704,VILLAGE GREEN LLC CONTRIBUTION
3676,SPANISH GATE LLC CONTRIBUTION
3534,CORTYARD LLC CONTRIBUTION
3039,OLSON JON (COMERICA - 2)
6109,INSURANCE - UMBRELLA          
6122,LOAN FEES                     
7344,SP OTHER CONTRACTORS          
1460,N/R - HARBOR POINT WI
3045,SBCB                          
2516,ACCRUED PAYROLL
1379,INVESTMENT - HERITAGE KNOLL
1519,COMMERCIAL SPACE
1515,AIRCRAFT
8601,AMORTIZATION EXPENSE
7018,RR - PARKING/SIDEWALK
1453,"N/R - LEXINGTON PARK, OH"
1457,N/R - EAGLE RIDGE OH
1462,N/R - MILL CREEK
1464,N/R - SHERWOOD FOREST IA
6343,TRAVEL                        
1459,N/R - FAMILY HOMESTEAD
1356,ADVANCES - EAGLES LANDING
1417,A/R FIRST PACIFIC INVESTMENTS
2520,PROMOTIONAL PROGRAMS
2521,R. E. TAXES PAYABLE-EL/TIC    
3067,REGENT HOUSE-EL/TIC           
3066,"WILSON CANTWELL, MOODY-EL/TIC"
2131,N/P-OLSON (JHO-EL/TIC)
1560,INVENTORY - SECURITY
1561,BUILDING-EL/TIC               
1564,LESS ACCUM DEPRECIATION-EL/TIC
1565,LOAN FEE-EL/TIC               
1566,AMORTIZATION LOAN FEE-EL/TIC  
7301,REFI INTEREST EXPENSE
5229,SHERWOOD FOREST
5235,THE KNOLLS
5227,TOWN & COUNTRY
1225,DEBT SERVICE RESERVE
3035,Olson S -Long Term Liability
3037,Olson I- Long Term Liability
5129,INVESTMENT INCOME
1409,A/R LAMAR KENDALL
1408,A/R MEADOW LARK
5241,MEADOW LARK
5242,THE OAKS
1465,N/R - MORRISSEY
2509,ASSET MANAGEMENT FEE PAYABLE
1466,N/R - SHORELINE LANDING
1378,INVESTMENT - GREENMAR
5169,TRASH REIM
5174,WATER REIM
1461,N/R - MEPP TO SANDUSKY LENDER
3029,GREYSTONE
3501,ADAMS ELIZABETH
3502,AHMAD FARUQ
3503,ALEXANDER RICHARD
3504,AMARANTE ROBERT
3505,ANDREWS DOUGLAS
3506,AVALON ENTERPRISES CONTRIBUTIONS
3512,BARTON TRUST FUND
3513,BATCHELDER DONALD
3514,BODIAN MITCHELL
3515,BORT WILLIAM & KATHY
3516,BROENEN DAVID
3517,BROHARD CURT
3518,BROHARD PENSION
3519,BROUGH RETIREMENT
3525,CARLSON TACONIC INSTITUTE
3526,CASSAM MOHAMMED
3527,CASTAGNA MARGO
3528,CENTURY ASSET CONTRIBUTIONS
3529,CHEN LP EUGENE
3530,CHEN CC TRUST
3531,CHULJIAN PAUL & RENEE
3532,CHU SHIAN-GUAN
3533,COLE MARGRET
3535,CRAM BARCLAY
3541,DAVIS DORIS
3542,DILTS MICHAEL
3543,DOWNING BLAKE
3544,DSILVA EMMANUEL
3550,FERSTER SAUL & PAULETTE
3551,FOXWORTHY MARTIN
3552,FIRST PACIFIC INVESTMENTS
3558,GAMEZ MARIO
3559,GENERATION ASSETS LLC
3560,GODDARD TRUST
3566,HALLECK TRUST
3567,HARRIMAN SUSAN
3568,HART TRUST
3569,HAWKS JEFFREY
3570,HAYES CHRISTOPHER
3571,HAYES VICTORIA
3577,IRWIN PROFIT SHARING
3583,JACOBS MICHAEL & SHERI
3584,JOHNSON ROBERT
3590,KAMINSKAS KATHRYN
3591,KEKER JOHN
3592,JOHNSON - KHANNA ASSOCIATES
3593,KHANNA ASHOK
3594,KING RICHARD & CORINNE
3595,KING BRYAN
3601,LEE LIN YI
3602,LEE MICHAEL
3603,LEHMER (JOINT) S & J
3604,LOLLAR ANITA
3605,LUCKHAM LAWRENCE
3606,LUFKIN TRACY
3612,MAJOR ROBERT
3613,MEIER EDWARD
3614,MEIER (IRA) EDWARD
3615,MEIER PETER
3616,MEIER TRUST PATRICIA
3617,METZ TRUST / MIDWEST CAPITAL
3618,MILLMAN BERNARD
3619,MOISON WILLIAM & TRACELENE
3620,MORGAN TRUST
3621,MORRISSEY MICHAEL
3622,MORRISSEY YOSHIE
3623,MPK INVESTMENTS
3629,NELSON GARY
3630,NICOLLS III BOBBY
3631,NICOLLS II SEPA C.R.
3632,NICOLLS DANIEL
3633,NICOLLS SEPA KATHLEEN
3634,NICOLLS MARIETA
3635,NICOLLS BOB & KATHY
3636,NICOLLS II C. ROBERT
3637,NICOLLS DALE
3638,NICOLLS SR. ROBERT & MARGARET
3644,OBRIEN  LINNEA
3645,OBRIEN LINNEA
3646,OBRIEN PROFIT SHARING
3647,OKIN ROBERT & SUSAN
3648,OLSON IAN- Cap.Investment
3649,OLSON JON- Cap. Investment
3650,OLSON PAMELLA
3651,OLSON SEAN-Cap. Investment
3657,PATEL RAJENDRA & SHAILTA
3658,PORTNER STANLEY & BARBARA
3659,PRICCO TRUST
3660,PRICCO ELIZABETH
3667,REGENT HOUSE
3536,CUPERTINO INVESTMENTS
3673,SBCB
3674,SCHMIDT CHRISTIAN
3675,SCHWAPPACH KARL
3677,SHEPHARD THOMAS-Cap. Investment
3678,SINGER GAIL
3679,SINGER MORLEY
3680,SMITH FERN
3681,SPIRA TRUST
3682,SPIRA JOSHUA
3683,STAMPER JOHN & NANCY
3684,STAMPER JEFFREY
3685,STEVENS AMY
3686,STROH KEVIN
3687,STROH MALEN
3688,SVENDSEN RICHARD
3694,TALJOKOWSKI MATTHEW
3695,TAYLOR AMBER
3696,TAYLOR JEFFREY
3697,TERRY JUDY
3698,TROUDT DIANNA
3705,VILLAGE GREEN FINANCIAL CORP
3706,VISICK JANET
3712,WANG CHI-WEN
3713,WANG-DENG CHI-CHENG & FU-WAN
3714,WANG-LIU CHI-WEN & YING-NIEN
3715,WEST JAMES
3716,WILKINSON JOHN
3717,WILLIAMS MARK
3718,WOODS DEL
3719,WOODS FAMILY TRUST
3720,WU LOUISA
4501,ADAMS ELIZABETH
4502,AHMAD FARUQ
4503,ALEXANDER RICHARD
4504,AMARANTE ROBERT
4505,ANDREWS DOUGLAS
4506,AVALON ENTERPRISES DISTRIBUTIONS
4512,BARTON TRUST
4513,BATCHELDER DONALD
4514,BODIAN MITHCELL
4515,BORT WILLIAM & KATHERINE
4516,BROENEN DAVID
4517,BROHARD CURT
4518,BROHARD PENSION
4519,BROUGH RETIREMENT
4525,CARLSON / TACONIC INSTITUTE
4526,CASSAM MOHAMMED
4527,CASTAGNA MARGO
4528,CENTURY ASSET INVESTMENTS
4529,CHEN LLC EUGENE
4530,CHEN TRUST CC
4531,CHULJIAN PAUL & RENEE
4532,CHU SIAN-GUAN
4533,COLE MARGRET
4534,CORTYARD LLC
4535,CRAM BARCLAY
4536,CUPERTINO INVESTMENTS
4541,DAVIS DORIS
4542,DILTS MICHAEL
4543,DOWING BLAKE
4544,DSILVA EMMANUEL
4550,FERSTER SAUL & PAULETTE
4551,FOXWORTHY MARTIN & KATHERINE
4552,FIRST PACIFIC INVESTMENTS
4558,GAMEZ MARIO
4559,GENERATION ASSETS LLC
4560,GODDARD TRUST
4566,HALLECK TRUST
4567,HARRIMAN SUSAN
4568,HART TRUST
4569,HAWKS JEFFREY
4570,HAYES CHRISTOPHER
4571,HAYES VICTORIA
4577,IRWIN DAVID
4583,JACOBS MICHAEL & SHERI
4584,JOHNSON ROBERT
4590,KAMINSKAS KATHRYN
4592,JOHNSON - KHANNA ASSOCIATES
4593,KHANNA ASHOK
4594,KING RICHARD & CORINNE
4595,KING BRYAN
4601,LEE LIN YI
4602,LEE MICHAEL
4603,LEHMER SUZANNE & JACQUELYN
4604,LOLLAR CARL
4605,LUCKHAM LAWRENCE
4606,LUFKIN TRACY
4612,MAJOR ROBERT
4613,MEIER EDWARD
4614,MEIER IRA EDWARD
4615,MEIER PETER
4616,MEIER TRUST PATRICIA
4617,METZ TRUST
4618,MILLMAN BERNARD
4619,MOISON WILLIAM & TRACELENE
4620,MORGAN TRUST
4621,MORRISSEY MICHAEL
4622,MORRISSEY YOSHIE
4623,MPK INVESTMENTS LLC
4629,NELSON GARY
4630,NICOLLS III BOBBY
4631,NICOLLS II SEPA C.R.
4632,NICOLLS DANIEL
4633,NICOLLS SEPA KATHLEEN
4634,NICOLLS MARIETA
4635,NICOLLS BOB & KATHY
4636,NICOLLS BOB
4637,NICOLLS DALE
4638,NICOLLS MARGRET
4644,OBRIEN  LINNEA
4645,OBRIEN LINNEA
4646,OBRIEN TRUST
4647,OKIN ROBERT
4648,OLSON IAN-Cap. Distribution
4649,OLSON JON
4650,OLSON PAMELLA
4651,OLSON SEAN- Cap. Distribution
4657,PATEL RAJENDRA & SHILTA
4658,PORTNER STANLEY & BARBARA
4659,PRICCO TRUST
4660,PRICCO ELIZABETH
4667,REGENT HOUSE
4673,SBCB
4670,SALTENBERGER W.& P.
4675,SCHWAPPACH KARL
4676,SPANICH GATE LLC
4677,SHEPHARD THOMAS
4678,SINGER GAIL
4679,SINGER MORLEY
4680,SMITH FERN
4681,SPIRA TRUST
4682,SPIRA JOSHUA
4683,STAMPER JOHN & NANCY
4684,STAMPER JEFF
4685,STEVENS AMY
4686,STROH KEVIN
4687,STROH MALEN
4688,SVENDSEN RICHARD
4694,TALJOKOWSKI MATTHEW
4696,TAYLOR JEFFREY
4697,TERRY JUDY
4698,TROUDT DIANNA
4704,VILLAGE GREEN LLC
4705,VILLAGE GREEN FINANCIAL CORP
4706,VISICK JANET
4712,WANG CHI-WEN
4713,WANG-DENG CHI-CHENG & FU-WAN
4714,WANG-LIU CHI-WEN & YING-NIEN
4715,WEST JAMES
4716,WILKINSON JOHN
4717,WILLIAMS MARK
4718,WOODS DEL
4719,WOODS TRUST
4720,WU LOUISA
4591,KEKER JOHN
4674,SCHMIDT CHRISTIAN
4695,TAYLOR AMBER
3520,BUNDY GREG & MARTHA
4520,BUNDY GREG & MARTHA
3572,HEIMBIGNER ANGIE
4572,HEIMBIGNER ANGIE
3017,WACHOVIA SECURITIES
5243,MCMILLAN WOODS
2511,REPAIR/DEFERRED MAINTENANCE
1451,"N/R - THE EARL, FL"
1467,N/R - TOWN & COUNTRY IL
7341,SP WOOD REPLACEMENT
6113,PERSONAL PROPERTY TAX
1361,INVESTMENT - WOODLAND RIDGE
1362,INVESTMENTS
7329,SP FENCING
7339,SP PLUMBING
1468,"N/R - COLONY VILLAGE, NC"
4607,LOLLAR ANITA
4608,LOLLAR TRUST
1364,INVESTMENT - CANON INN
1365,PREPAID MIP
2517,A/P BONUSES
1363,INVESTMENT - COUNTRY GREEN
1345,PREPAID REAL ESTATE TAXES
1366,INVESTMENT - ARBORS AT EASTLAND
1367,INVESTMENT - FOXHILL
1368,INVESTMENT - CAMELOT TX
1369,INVESTMENT - BRECKENRIDGE
5119,VENDOR COMMISSIONS
1370,INVESTMENT - CITY LIMITS
1463,N/R - PACIFIC WINDS
1469,"N/R - BRECKENRIDGE HOMES, INC"
2501,PET DEPOSIT
2522,SECURITY DEPOSIT REFUNDS PAYABLE
2513,PREPAYMENTS
5261,BEAR VALLEY INVESTMENT
5263,FOXHILL INVESTMENT
5265,BRENTWOOD FOREST INVESTMENT
5264,HUNTERS POINTE INVESTMENT
5267,WESTERN TERRACE INVESTMENT
5268,MEADOW LARK INVESTMENT
1371,INVESTMENT - THE KNOLLS
5270,COPPER RIDGE INVESTMENT
2103,Avalon Note Payable
3003,Obsolete Account
5213,TIMBER RIDGE
7331,SP INSPECTION EXPENSES
3693,TALAJKOWSKI STEVEN
4693,TALAJKOWSKI STEVEN
3689,STEWART WILLIAM
4689,STEWART WILLIAM
3548,FABRILINE US LLC
4548,FABRILINE LTD
3511,BATTAT ABRAHAM
4511,BATTAT ABRAHAM
4643,OBRIEN IRA
3643,OBRIEN IRA
1313,RENT RESERVES
5233,THE TOWER AT SPEER
1372,INVESTMENT - THE TOWER
1471,N/R - CONFLUENT - OBSERVATORY
1472,N/R - WILLIAMS BROTHERS
5271,TOWER AT SPEERS INVESTMENT
1341,PREPAID TAX ESTIMATES
3672,SHEPHARD TOM & IRENE
4672,SHEPHARD TOM & IRENE
1473,N/R - P. TRUELSEN LOAN
3721,WITTENBROOK JAMES
4721,WITTENBROOK JAMES
5272,COUNTRY GREEN APTS. LLC
5273,CANON INN & INVESTMENTS LLC
3611,MAHADY JOY
4611,MAHADY JOY
3699,TROUDT LARRY
4699,TROUDT LARRY
3596,KENNEDY DES
4596,KENNEDY DES
3582,JACKSON DONALD
4582,JACKSON DONALD
3537,COOKE MARIETA
4537,COOKE MARIETA
5211,COUNTRY GREEN APTS LLC
3068,PUEBLO BANK
3069,FIRST PACIFIC FUND LLC
6119,HOA FEES
6738,HARDWARE
3670,SALTENBERGER W. & P.
1373,INVESTMENT - WAKE ROBIN
1374,INVESTMENT - COUNTRY ESTATES
1406,A/R CANON INN
5121,FURNITURE RENTAL INCOME
3011,CITIBANK
1304,SELF ESCROW RE TAX
6619,INTERNET
5102,CONSULTING FEE INCOME
4669,SINGER MORLEY - IRA
3669,SINGER MORLEY - IRA
4668,SALTENBERGER IRRA
3668,SALTENBERGER IRRA
7020,RR - FENCING
6423,OTHER HEALTH BENEFITS
7302,INTEREST ON SECURITY DEPOSITS
5020,RENT CONCESSION - RECURRING
3722,WHITE PACIFIC LLC
4722,WHITE PACIFIC LLC
6117,FRANCHISE TAX
1402,A/R NEW PROJECTS
1404,A/R COUNTRY ESTATES
5026,EMPLOYEE RENT
1413,A/R INVESTORS
5166,INITIAL PET MOVE IN CHARGE
1403,A/R EMPLOYEES
3662,PUEBLO VILLAS
1375,INVESTMENT - CENTRAL SQUARE
4723,WOODS FAMILY LIVING TRUST
3098,INTERCOMPANY LT PAYABLE
5306,FIRST PACIFIC INVESTMENTS
5225,HERITAGE KNOLL
5237,WARREN CLUB
5223,HARBOR POINTE
5157,NON-REFUND ADMIN FEE
5274,PUEBLO VILLAS INVESTMENT
5151,SHORT TERM LEASE PREMIUM
5153,CONCESSION RECAPTURE
3009,FIRST REPUBLIC BANK
2101,NOTE PAYABLE
4665,RAE ANTHONY
4598,LA VOIE DONALD
4663,KATHERINE S. PRICE TRUST
5040,WRITE-OFFS
5167,SEWER REIM
5171,GAS REIM
5275,VISTA DEL SOL INVESTMENT
1567,ACCUMULATED AMORTIZATION
5239,SHERIDAN SQUARE
5132,WASHER/DRYER RENTAL INCOME
6509,REPUTATION MANAGEMENT
5147,MODEL INCOME
6319,LATE FEES
5163,PAYMENT PLAN FEE
6331,COMPUTER SOFTWARE
2518,ACCRUED INTEREST
2113,A/P Country Green
5018,BOND CONCESSION
5019,PEP CONCESSION
3019,JOHNSON CAPITAL GROUP
5321,SHERIDAN SQUARE
4555,MARIS & JUDY FRAVEL
4671,SMITH JANE
4539,CREVELING CHAD
4724,WHALEBACK SBG LLC
4610,VINEDO GROUP LLC
4735,YUTRZENKA MICHAEL & LISA
4597,LAUER MIKE
4549,FERSTER FAMILY TRUST
2161,N/P-MORRISSEY MICHAEL
1474,N/R - D.N. 13438 W 23RD
5116,CORPORATE FEES
2515,AMENITIES DEPOSIT
5301,APACHE TRACE
5041,SPECIAL WRITE-OFF
3013,LASALLE BANK
5231,"WALNUT CREEK, KY"
1407,A/R FOXHILL
5207,COUNTRY ESTATES
5008,HAP CONTRACT RENT
2519,HAP PREPAY
5122,HAP UTILITY ALLOWANCE
2523,HAP SUSPENSE CLEARING
5244,SUSON PINES
1507,LAND IMPROVEMENTS
5246,MESA RIDGE
5245,LA VIDA BUENA
5201,APACHE TRACE
5203,CANYON RIDGE
5219,CANYON POINT
5221,CANYON VISTA
3021,MIDLAND LOAN SERVICES
2147,N/P-CENTURY ASSETS
1415,A/R CLEARING ACCT DEP
1321,INTEREST RESERVE
5252,WYOMING PLACE
5247,MISSION HILL
5248,MOUNTAINEER VILLAGE
1376,INVESTMENT - MOUNTAINEER VILLAGE
5023,RENEWAL CONCESSION
5024,MOVE-IN CONCESSION
5025,REFERRAL CONCESSION
8502,LOSS/GAIN ON DISPOSAL OF FIXED ASSETS
7322,SP BUILDING REPAIRS
7323,SP CABINETS/COUNTERTOPS
7324,SP DOORS/WINDOWS
7327,SP DRAPES/BLINDS
7333,SP ELECTRICAL - EXTERIOR
7335,SP ELECTRICAL - INTERIOR
7337,SP FURNITURE/EQUIPMENT
7343,SP PAINTING - INTERIOR
7345,SP POOL
7346,SP REPAIR DOWN UNITS
7347,SP ROOFING
7349,SP SIGNAGE
7350,SP JANITORIAL
3005,WELLS FARGO BANK
5250,VALLEY PARK
2133,N/P-OLSON (SEAN)
2135,N/P- OLSON (SEAN & IAN)
2149,N/P - MONARCH INVESTMENTS
3023,VISION BANK
5253,WILLOW PARK
5249,MESA GARDENS
5251,VICTORIA SQUARE
1319,LENDER COLLATERAL ESCROW
5311,FOX HILL
5313,LAMAR KENDALL
5314,MEADOWLARK
5326,TOWER AT SPEER
5310,COUNTRY GREEN
5415,CANON INN
5470,POWDER MONARCH
5420,CONSULTING FEES
5276,EAGLESLANDING/VILLAGE
5277,EAGLESLANDING/SPANISH
5278,SILVERADO APARTMENTS
5279,OLD ALBANY
3001,STANCORP
1377,INVESTMENT - GRAYS LAKE
1357,ADVANCE - DISTRIBUTION
1358,ADVANCE - MEADOWLARK
4849,Profit Interests
2145,N/P-CHEN EUGENE JU-CHUEN LTD
2165,N/P-PRICCO FAMILY LTD
2163,N/P-NICOLLS MARGARET
1475,N/R - WILLOW PARK
1405,A/R HAP
6315,DONATIONS
6341,INVESTOR RELATIONS
7019,RR - ROOFING 
7015,RR - PAINTING 
6813,PAINT (EXTERIOR)
5280,CANYON POINT
5281,CANYON RIDGE
5282,CANYON VISTA
3070,US BANK
5192,MANAGEMENT FEE INCOME
5254,RAMBLEWOOD
5255,PINES AT SOUTHMOOR
7351,SP REFINANCE
1476,N/R - SANDUSKY PORTFOLIO
6305,AUTO FUEL
7352,SP FIRE 
1513,BASIS ADJ - CHEN CC
1511,BASIS ADJ - NICOLLS
1323,INSURANCE LOSS ESCROW
1411,A/R CANYON POINT
1418,A/R VICTORIA SQUARE
5002,GROSS POTENTIAL RENT
5003,LOSS/GAIN TO LEASE
5031,Less: VACANCY
5032,Less: MODELS
5033,Less: ADMIN
5034,Less: DOWN
5035,Less: CURRENT DELINQUENCY
5051,Plus: PREPAID RENT
5052,Plus: PREPAID AFFORDABLE RENT
5178,VENDOR REBATES
1419,A/R PROPERTIES
5027,SUMMER STORAGE CONCESSION
4995,HAP CONTRACT RENT
4994,TENANT GROSS POTENTIAL
2524,401(K) MATCH PAYABLE
5012,COA DUES
6121,COA FEES
6311,PAYMENT PROCESSING FEES
5256,NORTHGATE
1477,N/R - OTHER PROPERTIES
2125,N/P-FISK INVESTMENTS
2121,N/P-MIKE JACOBS
3071,LENOX XI PROPERTIES II LLC
1400,INVESTMENT - MICHIGAN 6
1399,INVESTMENT - RAINETH HOUSING FUND
1479, ALLOWANCE FOR DOUBTFUL ACCOUNTS
1301,CERTIFICATE OF DEPOSIT
5258,PALO DURO
5257,"THE RETREAT AT WALNUT CREEK, MO"
7353,SP UTILITY CREDITS
3090,2ND MORTGAGE
3080,1ST MORTGAGE
1509,CONSTRUCTION IN PROGRESS
1503,EQUIPMENT
5199,GRANITE  VALLEY
5200,HAMPTON AT CORAL RIDGE
7359,SP INSURANCE REIMBURSEMENT
6510,RESIDENT/PROSPECT SWAG
6405,LANDSCAPING GROSS WAGES
2171,N/P-THE TOWER
5181,OTHER COMMISSION INCOME
6360,NEW PROJECT DEVELOPMENT
1324,MORTGAGE INSURANCE ESCROW
1344,MIP DEPOSIT
6105,INSURANCE - MIP
1505,LAND - EASMENT SETTLEMENT
5198,VALLEY STREAM
1420,A/R CANYON RIDGE
1435,A/R WYOMING PLACE
7317,MIP
6407,MAINT. ROVER GROSS WAGES
1381,INVESTMENT - VALLEY PARK
1382,INVESTMENT - INTERSTATE APARTMENTS
1478,N/R - INDIVIDUALS
5009,HAP SPECIAL CLAIMS
4996,HAP VOUCHER RENT
5117,CONVENIENCE FEE
6140, INCOME TAX
1421,A/R CANYON VISTA
1523,COMMERCIAL DEPRECIATION
5205,BLOCK 2 LOFTS
5112,CELL TOWER RENT
5136,STORAGE UNIT INCOME
5161,PARKING GARAGE INCOME
5162,COMMERCIAL PARKING GARAGE - OTHER
5149,HOLD OVER COMMERCIAL
5183,COMM - CAM RECOVERY
5184,COMM - INS RECOVERY
5185,COMM - TAX RECOVERY
6607,ELEC - COMMERCIAL
6611,GAS - COMMERCIAL
6623,WATER - COMMERCIAL
5186,COMM - FIXED RECOVERY
6615,SEWER-COMMERCIAL
6520,MARKETING SITE VISIT
1422,A/R WILLOW PARK
1303,SELF ESCROW INSURANCE
1425,A/R VALLEY STREAM
1383,INVESTMENT - CROWN POINTE
1384,INVESTMENT - EASTLAND
7354,SP ACQUISITION COSTS
7355,SP REMODEL
7356,SP MIMG ROVING MAINT CREW
3095,NOTE PAYABLE - MIMG
1385,INTERCOMPANY LT RECEIVABLE
1235,COMPLETION RESERVE LENDER ESCROW
1245,CAPITAL IMP. RESERVE LENDER ESCROW
1285,UTILITY DEPOSITS
1439,DISTRIBUTIONS FROM INVESTMENTS
5164,TRASH REIM - VALET SVC
5159,PARKING GARAGE - MONTHLY NON-TENANT
7321,SP COMM. LEASE COMMISSIONS
6451,CORPORATE ALLOC-CREDIT
1423,A/R MESA GARDENS
1524,INVENTORY - OFFICE EQUIPMENT
6450,PAYROLL - ALLOCATIONS OUT
8920,FORGIVENESS OF BAD DEBT
8925,BAD DEBT EXPENSE
6550,PROPERTY WEBSITES
6555,WEBSITE PORTALS
7450,SP UNIT AMENITIES/UPGRADES
7375,SP CLUBHOUSE REMODEL
7400,SP ELEVATORS
7385,SP COMMON AREA UPGRADES
6907,CABINETS/COUNTERTOP CONTRACTOR
6919,GARAGE DOOR CONTRACTOR
6917,FIRE/SAFETY CONTRACTOR
7013,RR - GARAGE/EXTERIOR DOORS
7430,SP SIDEWALKS
6921,INSPECTIONS
6601,CABLE - CORP UNIT
6605,ELECTRIC - CORP UNIT
6609,GAS - CORP UNIT
6624,WATER - CORP UNIT
6613,SEWER - CORP UNIT
6617,TELEPHONE - CORP UNIT
6630,INTERNET - CORP UNIT
6621,TRASH - VALET SVC
5193,BRECKENRIDGE
2525,SEC DEP INTEREST DUE
6560,MARKETING ALLOCATIONS
5197,WAKE ROBIN
1389,INVESTMENT - THE OAKS
1390,INVESTMENT - TIMBER RIDGE
5194,ARBORS AT EASTLAND
5195,GRAYS LAKE
1430,A/R SLAVIN RESIDENTIAL
1437,A/R PROP SHORT TERM LOAN
2530,HAP REPAYMENT
5124,HAP REPAYMENT EXPENSE RECOVERY
5126,INSURANCE NON-COMPLIANCE FEES
5196,GREENMAR
1386,INVESTMENT - HIDDEN COVE
1387,INVESTMENT - ROLLING PINES
1395,INVESTMENT - THE RETREAT AT WALNUT CREEK
1391,INVESTMENT - MIMG LVI HR MASTER
1394,INVESTMENT - PALO DURO
1388,INVESTMENT - STEPHENVILLE
1392,INVESTMENT - CEDAR TRACE
5131,EQUIPMENT LEASE
1426,A/R HERITAGE KNOLL
1427,A/R STONEBRIDGE
5028,FIRE CONCESSION
5021,RENT CONCESSION - ONE-TIME
1396,INVESTMENT - PRAIRIE WALK
7357,SP FLOOD DAMAGE
1438,A/R INTERCOMPANY
2538,A/P INTERCOMPANY
1397,INVESTMENT - DRAKES POND
1398,INVESTMENT - LASALLE
6935,TUB RESURFACING CONTRACTOR
1255,GREEN REPAIR RESERVE LENDER ESCROW
1436,A/R EMPLOYEE RENT DEDUCTION
5036,PRIOR PERIOD COLLECTIONS
1393,INVESTMENT - OMAHA FIVE
7358,SP EMERGENCY
1501,GOODWILL
6359,USE TAX EXPENSE
2535,USE TAX PAYABLE
6733,TOOLS/PANTS - EMPLOYEE REIMBURSEMENT
7025,RR - POOL 
6501,ADVERTISING - DIGITAL
6503,ADVERTISING - PHOTOGRAPHY
6362,CORP. TEAM RELATIONS DEPT
8930,ASSET MGMT FEE EXP
1429,A/R INVESTMENTS
7069,REHAB CAPITALIZATION CONTRA
7499,SP CAPITALIZATION CONTRA
7490,SP OTHER INCOME
1530,INVENTORY - CO STORE
2533,SALES TAX PAYABLE
7470,SP PRIOR YEAR RE TAX ADJ
6327,CORP EQUIPMENT LEASES
6568,COMMUNITY GOODWILL
5104,AMENITY MEMBERSHIP
5138,CLUBHOUSE RENTAL
7480,SP ADMIN
1525,INVENTORY - APPLIANCES
3091,3RD MORTGAGE
1535,INVENTORY - R22
6317,IN-HOUSE TRAINING
6363,WASHER/DRYER RENTAL
6364,LAUNDRY ROOM EXPENSES
1532,INVENTORY - MAINTENANCE
8503,SELLING EXPENSES
2540,DEFERRED GAIN
5158,PEST CONTROL FEE
5022,CONCESSION RECAPTURE
8949,INCOME/LOSS FROM PARTNERSHIP
6390,DEPARTMENT RETREATS
6650,UTILITY LATE FEES
1283,ASL INTERPRETER FUND
2534,FRANCHISE TAX PAYABLE
5156,APPROVAL FEE
6394,SUMMER PICNIC
6392,ENTERTAINMENT
2536,AP PROPERTY CLAIMS
2539,GEN LIABILITIES CLAIMS
6366,RECRUITING - GENERAL ADMIN
6367,RECRUITING - DIRECT JOB ADS
6368,RECRUITING - OUTREACH PROGRAMS
7009,RR - FURNITURE
5172,VACANT UTILITY RECOVERY
6329,IT EQUIPMENT
6421,401(K) CONTRIBUTIONS
4600,EPI DISTRIBUTIONS
2526,MEDICAL DENTAL VISION WITHHOLDINGS
2527,FSA BENEFITS PAYABLE
7485,SP PROPERTY SALE PREP
6372,
2541,CORPORATE CLEARING DEPS
2528,ANCILLARY BENEFITS PAYABLE
2542,WORK COMP PAYABLE
7491,SP INTEREST INCOME
7654,
5011,AFF HAP VOUCHER RENT
7200,TRAVEL
6171,DENVER - FPI OFFICE
6271,OKLAHOMA / FPI OFFICE
8499,DEP/AMOR EXPENSE
4986,PROFIT LOSS
4987,INCOME BEFORE DEPRECIATION
4990,NET INCOME
1100,CASH
1300,OTHER CURRENT ASSETS
1500,FIXED ASSETS
2000,LIABILITIES & CAPITAL
2100,CURRENT NOTE LIABILITY
2500,OTHER CURRENT LIABILITIES
3000,LONG TERM LIABILITIES
3400,CAPITAL
4992,RENTAL INCOME
5100,OTHER INCOME
5191,MANAGEMENT INCOME
6000,OPERATING EXPENSES
6100,FIXED ADMINISTRATIVE
6300,ADMINISTRATIVE
6400,PAYROLL
6500,MARKETING
6600,UTILITIES
6700,IN-HOUSE GENERAL MAINT/SUPPLY
6800,EXTERIOR / CAM MAINTENANCE
6900,CONTRACT SERVICES
7000,REHAB / REPLACEMENT
5300,ACCOUNTING INCOME
6371,CORPORATE EVENTS
5260,INVESTMENT INCOME
7320,SPECIAL PROJECTS
4991,INCOME
5999,EXPENSES
6690,MAINTENANCE EXPENSE
7290,INTEREST EXPENSE
4499,DISTRIBUTIONS
5400,CONSULTING INCOME
4993,NET GROSS POTENTIAL RENT
5017,CONCESSIONS
5030,RENTAL LOSS
5050,RENTAL GAIN
1000,ASSETS
2050,LIABILITIES
4900,NET CAPITAL
3450,CAPITAL INVESTMENT
5005,RENTS
7316,MORTGAGE INS PREMIUM
1445,OTHER ASSETS
8900,OTHER INCOME/EXPENSES
7270,TOTAL TRAVEL EXPENSES
6270,DEL-TOTAL SF OFFICE
6199,TOTAL DENVER - FPI EXP
6299,TOTAL OK / FPI EXPENSES
7130,TOTAL EXTRAORDINARY EXPENSES
1290,TOTAL CASH
1700,TOTAL ASSETS
1570,TOTAL FIXED ASSETS            
2200,TOTAL CURRENT NOTE LIABILITY
2560,TOTAL OTHER CURRENT LIABILITIES
3200,TOTAL LIABILITIES
4980,TOTAL LIABILITIES & CAPITAL
3100,TOTAL LONG TERM LIABILITIES   
4950,TOTAL NET CAPITAL
9999,TOTAL OF ALL                  
5070,TOTAL RENTAL INCOME
5500,TOTAL INCOME
9000,NET PROFIT / LOSS             
8200,NET INCOME BEFORE DEPRECIATION
7070,TOTAL REHAB / REPLACE EXP     
6970,TOTAL CONTRACT EXPENSES       
6870,TOTAL EXTERIOR / CAM EXP      
6770,TOTAL IN-HOUSE EXPENSES       
6670,TOTAL UTILITY EXPENSES        
6570,TOTAL MARKETING EXPENSE       
6470,TOTAL PAYROLL EXPENSE         
6370,TOTAL ADMINISTRATIVE EXP      
6170,TOTAL FIXED ADMINISTRATIVE
5259,NET MANAGEMENT INCOME
5190,NET OTHER INCOME
5350,NET ACCOUNTING INCOME         
7280,NET OPERATING INCOME
7099,TOTAL OPERATING EXPENSES
7098,SUB-TOTAL MAINTENANCE EXP
6399,TOTAL CORPORATE EVENTS
7500,TOTAL SPECIAL PROJECT EXP
3850,TOTAL CAPITAL INVESTMENT
4850,TOTAL  DISTRIBUTIONS
5299,NET INVESTMENT INCOME
1490,TOTAL ASSETS
7315,TOTAL INTEREST EXPENSE
8602,TOTAL DEP/AMOR EXPENSE
5499,NET CONSULTING INCOME
5004,TOTAL NET GROSS POTENTIAL RENT
5029,TOTAL CONCESSIONS
5049,TOTAL RENTAL LOSS
5069,TOTAL RENTAL GAIN
4970,TOTAL CAPITAL
5015,TOTAL RENTS
1480,TOTAL OTHER ASSETS
7279,TOTAL EXPENSE
7318,TOTAL MIP
1442,TOTAL OTHER CURRENT ASSETS
1443,TOTAL CURRENT ASSETS
8950,TOTAL OTHER INCOME/EXPENSE
