312,bwoh
2,cg
1516,CRKS
23,crmi
1584,ECND
1492,ftks
1454,GKOH
67,hcmi
1439,aaoh
402,aola
1517,apin
247,avoh
1565,BVKY
432,cbmn
87,dpmi
1443,f2oh
242,ftwi
16,aeil
94,apmi
287,apoh
375,choh
1497,ewoh
299,fpmn
293,grmn
118,hlil
1433,icky
96,cami
21,cpmi
70,ctmo
230,cttx
3,fh
1518,iwin
1481,JLLA
103,lcil
129,mctx
1550,BHAR
46,broh
348,ccks
1538,clnd
1496,eeia
24,elmi
392,eroh
238,fhmi
249,grne
318,acnm
273,attx
183,bfmi
1455,BPOH
244,bwks
1432,CRLA
283,cvoh
1535,daoh
425,ecmi
1583,BCND
1555,CHAL
211,gvoh
355,hain
14,hcr
257,hemo
353,ihia
388,ncks
1503,PWMI
351,arne
1,b2ar
47,cpoh
1531,FOKS
220,fpmo
1546,GCMO
175,htmi
38,iane
99,lwmi
410,agmo
222,ccoh
245,chks
1491,ctmi
421,fcoh
65,gmmo
213,hroh
253,lcmi
81,lsoh
56,at
302,blmi
1482,ecmo
310,eril
256,fwmo
89,gtne
1536,HEMI
155,mcks
301,phmi
291,ayoh
383,cvnc
342,dcla
1490,EAOH
386,egks
433,FCMN
286,ffmi
1471,hgmi
182,hrmo
1478,ACIN
1570,clnc
31,epmn
11,gva
1568,LTMI
1442,maoh
186,mlks
1558,obmn
357,otin
380,agmi
1495,ANOH
88,crne
119,fcil
354,hcin
1585,HLMI
1457,ihks
157,mdmn
371,mroh
210,aroh
141,bcmi
349,bvks
69,catx
128,cbmi
255,ccmo
104,cctx
30,clmn
422,croh
1469,APLA
408,bcoh
305,bctn
1559,BPAL
86,csoh
313,cwoh
259,ggmo
1524,gwmn
435,HMMN
225,alia
1515,BRKS
37,cene
339,clia
1435,cmoh
1562,CPAL
1552,DWOH
285,emtx
140,femi
304,pcmo
372,rzoh
252,srmi
101,wrmi
8,rw
1447,saoh
404,tjnc
362,tvmi
315,utmn
54,vsoh
1528,wgmn
49,hkoh
97,llmi
42,lv
6,mv
406,pknc
1547,pria
1484,qhsc
32,sgmn
389,mgks
281,nomo
1449,spoh
1544,svmi
149,thmi
237,tlmi
1553,vlmo
15,vpia
387,hpks
311,hsnm
1448,lpoh
4,ml
68,pdtx
1466,plmi
308,pntn
111,romi
294,tbin
1512,MWMI
419,nvoh
82,pwmo
123,rcmo
366,srmo
102,vpar
187,wrks
193,wwmi
126,ffar
142,hwtx
1569,LHMI
341,lrla
365,ngmo
416,plin
139,stmo
107,tboh
405,tlnc
379,isin
1445,laoh
1593,LCTX
1458,maks
44,mh
50,mwoh
172,pgla
239,sgmi
384,tcnc
1463,myks
17,ng
407,proh
1461,rpks
116,satx
319,sgnc
370,sgtx
1540,tcnd
1549,TDMO
25,gwmi
350,mpks
91,pcne
1485,PGSC
174,rwla
390,scks
138,scoh
209,seoh
26,slmi
5,mg
418,o3ia
436,OVMN
307,pjtn
300,rwmi
1504,SFMI
1446,sfoh
1539,spnd
1576,SRNC
1441,rgoh
1498,rmil
352,roia
36,spmo
1548,SVWI
258,swmo
321,tmnc
1545,tpndc
1582,TQIL
153,lcmn
1589,LVWV
212,mmoh
368,nrmi
7,ps
146,sgmo
181,somo
115,thmo
403,tpnc
385,fhnc
1509,LAMI
1470,LXOH
190,nfwi
382,pvmo
1526,pwmn
1595,RATX
369,sbtx
248,scky
356,htin
43,mr
1519,npin
98,ntmi
1468,nwin
1590,OVWV
278,poky
1459,prks
1575,PSNC
1488,f6co
1494,GBMI
303,grks
110,gvil
154,hhks
364,igmo
289,lloh
1525,lymn
127,ofmi
1551,wpmo
430,wbmn
92,whne
1486,WSSC
1505,TDOH
35,tomo
1554,WMIN
52,wtoh
147,wvmo
114,sltx
431,ssmn
1438,wcin
409,wsoh
1573,WYND
306,totn
27,twmi
1456,wvmi
45,wy
282,tioh
1508,TPMI
1440,vhoh
1452,VQIN
66,wcmo
53,troh
229,trtx
224,tsoh
130,vboh
188,wlmo
55,wroh
275,tptx
288,trmo
295,tsla
158,tvil
1483,vvmo
376,vwil
1543,tefl
401,tria
19,wcky
343,wrnc
1510,wwin
1487,WWSC
109,srnm
347,swks
1580,TAPA
124,tbar
274,tdtx
9,vgco
260,vrmo
148,wsmo
1523,pmmn
241,rewi
51,sboh
1514,scnm
1533,ssoh
316,thoh
1541,tpnd
1572,TWWV
90,pwne
1460,rbks
426,remi
1489,RFNC
1594,RHTX
1567,rpin
84,rpmi
1444,rpoh
367,vsmo
214,whmo
1577,WHOH
1566,WVKY
346,vwks
1462,waks
434,WCMN
105,wpoh
309,wptn
